countryname_en,countrycode,fraction,participation ,population_2000,population_2014,population_2020,population_2030,population_2050,"average_monthly_disposable_salary_2014 - Quelle: Nationmaster, OECD",source for salary,unemployment_2013,gdp_pc_ppp_2012,gdp_pc_ppp_2014,gdp_2012,gdp_2014,gdp_growth_2014,important_industry_de,important_industry_en,Wirtschaftsleistung in der wichtigsten Industrie zum BIP,Wem gehört die wichtigste Industrie,wichtigste Handelspartner,co2_kt_2012,co2_t_pc_2012,total_primary_energy_production_2012,total_primary_energy_production_2008,total_recoverable_coal_2011,climate_change_performance_index,labeled
Afghanistan,AFG,D,X,19701940,31627506,36443000,43852000,55955000,213.58,nationmaster,8,1933.396257,1945.502421,20536542737,20841951232,1.998533202,Landwirtschaft,agriculture,,,,12251.4,0.41,0.02597,0.01608,72.75255,,
Albania,ALB,D,X,3089027,2894475,2961000,3045000,2876000,434.19,nationmaster,16,9666.697322,10428.45587,,13370191506,1.9,Bekleidung und Schuhe,"garment, shoes",,,,4668.1,1.61,0.07944,0.05283,875.23522,,
Algeria,DZA,D,X,31183658,38934334,43008000,48274000,56461000,346.48,nationmaster,9.800000191,13370.07927,14167.33968,,214063173188,4.099998839,Kohlenwasserstoffe (Gasindustrie),hydrocarbons (gas),,,,121755.4,3.25,7.19786,7.37697,65.03637,39,
American Samoa,ASM,D,,57522,55434,56000,57000,57000,#N/A,,,,,,,,Thunfisch,tuna,,,,#N/A,#N/A,0,0,NA,,
Andorra,AND,A,X,65399,72786,70000,71000,72000,2731.12,nationmaster,,,,,,,Parfüm-Kosmetikindustrie,"perfume,  cosmetic",,,,491.4,6.2,#N/A,#N/A,#N/A,,
Angola,AGO,D,X,15058638,24227524,29245000,39351000,65473000,2650.03,nationmaster,6.800000191,6755.170619,7227.440771,,131400635026,3.901265128,Kohlenwasserstoffe (Öl),hydrocarbons (oil),,,,29710,1.31,3.93895,4.25717,NA,,
Antigua and Barbuda,ATG,D,X,77648,90900,96000,105000,114000,#N/A,,,20946.70078,21799.80015,,1269117037,3.221505237,"Handarbeit, Bettwäsche","handcraft, bedding",,,,513.4,5.76,0,0,NA,,
Argentina,ARG,C,X,37057453,42980026,45517000,49365000,55445000,1018.58,nationmaster,7.5,,,,540197457444,0.4692570602,Kohlenwasserstoffe (Öl),hydrocarbons (oil),,,,190034.9,4.51,3.11505,3.64272,606.27125,48,
Armenia,ARM,D,X,3076098,3006154,3038000,2993000,2729000,312.89,nationmaster,16.20000076,7398.453052,8077.533287,,10881605059,3.400000001,Maschinenbau,machine construction,,,,4961.5,1.67,0.04682,0.04412,179.67675,,
Aruba,ABW,D,,90858,103441,105000,107000,102000,2833.33,nationmaster,,,,,,,Tourismus,tourisme,,,,2438.6,23.82,0.00086,0,NA,,
Australia,AUS,B,X,19153000,23490736,25222000,27912000,32851000,3780.69,OECD,5.699999809,43011.45689,43901.55485,,1453770210672,2.474910319,"Kohlenwasserstoffe (Kohle), Eisen, Gold. Uranium","hydrocarbons (coal), steel, gold, uranium",,,,369039.5,16.24,12.92492,11.7773,84216.58787,60,
Austria,AUT,A,X,8011566,8534492,8717000,8952000,9157000,2597.75,OECD,4.900000095,44872.63517,46164.94432,,436343622435,0.3007275886,"Maschinen, Fahrzeuge","machines, automobile",,,,65202.9,7.73,0.59681,0.54093,367.06968,36,
Azerbaijan,AZE,D,X,8048600,9537823,10003000,10433000,10345000,524.84,nationmaster,5.5,16173.44724,17515.62376,,75198010965,2,Kohlenwasserstoffe (Gas und Öl),hydrocarbons (gas and oil),,,,33457.7,3.6,2.6413,2.51846,NA,,
Bahamas,BHS,D,X,297891,383054,410000,446000,489000,#N/A,,13.60000038,23224.10896,23491.12335,,8510500000,1.022786105,,,,,,1906.8,5.12,0,0,NA,,
Bahrain,BHR,B,X,666855,1361930,1486000,1642000,1822000,1226.79,nationmaster,7.400000095,40973.70856,45478.93884,,33868989362,4.506795379,Kohlenwasserstoffe (Ölindustrie),hydrocarbons (oilindustry),,,,23439.5,17.58,0.59656,0.5396,NA,,
Bangladesh,BGD,D,X,131280739,159077513,170467000,186460000,202209000,340.22,nationmaster,4.300000191,2763.510692,3124.366886,,173818932216,6.116224166,"Reisanbau, Textil","rice, garment",,,,57069.5,0.37,0.85009,0.69992,322.97723,,TRUE
Barbados,BRB,D,X,269838,283380,288000,290000,282000,1625,nationmaster,12.19999981,15625.03932,13575.12052,,4348000000,0.2074688797,Tourismus/Zucker,"tourisme, sugar",,,,1565.8,5.56,0.00289,0.00355,NA,,
Belarus,BLR,D,X,10005000,9470000,9246000,8621000,7140000,502.19,nationmaster,5.800000191,17210.43917,18184.86358,,76139250365,1.587801619,Kohlenwasserstoffe (Ölraffinerien),hydrocarbons (oil refinery),,,,63303.4,6.69,0.07429,0.08208,110.23114,38,
Belgium,BEL,A,X,10251250,11225207,11452000,11752000,12091000,2358.91,OECD,8.399999619,41397.18314,42725.31057,,533382785676,1.06654615,"Eisen, Stahl, Metallverarbeitung","iron, steel, metal",,,,97765.9,8.79,0.49792,0.50293,NA,16,
Belize,BLZ,B,X,247312,351706,398000,472000,588000,1441,,14.60000038,8118.8756,,,,,"Kohlenwasserstoffe (Öl), Kleidungsindustrie","hydrocarbons (oil), garment",,,,550.1,1.63,0.01068,0.00977,NA,,
Benin,BEN,D,X,6949366,10598482,12361000,15593000,22549000,#N/A,,1,1715.70765,1864.717326,,8746992733,5.369098397,Baumwollindustrie,cotton,,,,4987.1,0.5,0.00002,0.00004,NA,,
Bermuda,BMU,D,,61833,65181,..,..,..,4250,nationmaster,,53073.28217,,,,,Finanzindustrie,financial industry,,,,392.4,6.06,0,0,NA,,
Bhutan,BTN,D,X,564187,765008,817000,886000,950000,#N/A,,2.099999905,7248.09901,7867.203407,,1821412873,6.25618388,Landwirtschaft,agriculture,,,,561.1,0.75,0.06644,0.07107,NA,,
Bolivia,BOL,C,X,8339512,10561887,11548000,13177000,15963000,564.23,nationmaster,2.599999905,5896.538377,6624.086116,,34175832127,5.399085429,"Erze, Kohlenwasserstoffe (Öl und Gas)","ores, hydrocarbons (oil and gas)",,,,16120.1,1.57,0.80053,0.65736,1.10231,,
Bosnia-Herzegovina,BIH,C,X,3792878,3817554,3758000,3584000,3069000,#N/A,"
",28.39999962,9369.886558,9922.834598,,18344278253,1.246022998,Metallindustrie,metall industry,,,,23747.5,6.2,0.24389,0.23048,3144.89431,,
Botswana,BWA,D,X,1736579,2219937,2460000,2817000,3389000,528.84,nationmaster,18.39999962,14255.45741,16099.28423,,15813371063,4.421063812,Diamanten,diamonds,,,,4855.1,2.28,0.01896,0.02332,44.09245,,
Brazil,BRA,C,X,175786441,206077898,215997000,228663000,238270000,972,OECD,5.900000095,15220.22863,15838.02041,,2346118175194,0.1447073541,"Soja, Fleisch, Eisenerz","soya, ironore, meat",,,,439412.9,2.17,9.75815,8.55701,7308.32431,49,
Brunei Darussalam,BRN,B,,330554,417394,450000,496000,546000,#N/A,,3.799999952,74160.9066,76753.616,,17256754269,5.3,"Rohöl, Gas","crude oil, gas",,,,9743.2,24.03,0.79203,0.83483,NA,,
Bulgaria,BGR,C,X,8170172,7226291,6906000,6319000,5249000,506.76,nationmaster,12.89999962,15671.82626,16323.84,,55734676435,1.705473502,"Elektrotechnik, Maschinenbau","electrotechnology, machine construction",,,,49339.5,6.75,0.4425,0.39568,2608.06868,41,
Burkina Faso,BFA,D,X,11607944,17589198,20861000,27244000,42789000,#N/A,,3.099999905,1546.937768,1667.590001,,12542969275,4.049760898,Baumwolle,cotton,,,,1932.5,0.12,0.00092,0.00133,NA,,
Burundi,BDI,D,X,6767073,10816860,13126000,17357000,28668000,256.25,nationmaster,6.900000095,729.6978989,769.881954,,3093647293,4.660918184,"Kaffee, Tee","coffee, tea",,,,209,0.02,0.0019,0.00109,NA,,
Cabo Verde,CPV,D,X,438737,513906,553000,614000,707000,#N/A,,7,6253.923989,6515.623787,,1871187334,2.738246888,Fischindustrie,fishindustry,,,,#N/A,#N/A,0.00007,0.00006,#N/A,,
Cambodia,KHM,D,X,12197905,15328136,16809000,18991000,22545000,243.94,nationmaster,0.3000000119,2846.728584,3259.26308,,16709432403,7.031709556,Bekleidungsindustrie,garment,,,,4495.7,0.3,0.00509,0.00061,NA,,
Cameroon,CMR,D,X,15927713,22773014,26333000,32947000,48362000,466.74,nationmaster,4,2714.105601,2971.081289,,32548591286,5.886294664,"Kohlenwasserstoffe (Öl), Kleidungsindustrie",hydrocarbons (oil),,,,5661.8,0.26,0.18647,0.21981,NA,,
Canada,CAN,B,X,30769700,35540419,37545000,40311000,44240000,2447.08,OECD,7.099999905,42280.83331,44088.54045,,1786655064510,2.531770225,"Kohlenwasserstoffe (Öl, Gas)","Hydrocarbons (oil, gas)",,,,485463.1,13.97,19.13864,19.03963,7255.41337,58,
Cayman Islands,CYM,C,,41685,59172,64000,71000,82000,3313.01,nationmaster,,,,,,,"Fischindustrie, Finanzen",fishindustry,,,,583.1,10.14,0,0,NA,,
Central African Republic,CAF,D,X,3726048,4804316,5409000,6490000,8782000,#N/A,,7.599999905,928.9726305,594.164281,,1782927903,1.010329129,"Holz, Diamanten","wood, diamonds",,,,286,0.06,0.00147,0.00134,3.30693,,
Chad,TCD,D,X,8343321,13587053,16431000,21946000,35131000,#N/A,,7,1996.492537,2182.043621,,13922224561,7.300000713,"Kohlenwasserstoffe (Öl), Kleidungsindustrie","hydrocarbons (oil), garment",,,,539,0.04,0.23862,0.29042,NA,,
Channel Islands,CHI,,,148725,162917,167000,174000,181000,#N/A,,,,,,,,,,,,,#N/A,#N/A,#N/A,#N/A,#N/A,,
Chile,CHL,C,X,15170387,17762647,18842000,20250000,21601000,949.5,nationmaster,6,21183.0464,22345.96111,,258061522887,1.894049024,Kupfer,copper,,,,79408.9,4.57,0.32891,0.36245,170.85826,,
China,CHN,C,X,1262645000,1364270000,1398221000,1413854000,1337803000,731.14,nationmaster,4.599999905,11214.76879,13216.54189,,10360105247908,7.351000022,Stahlindustrie,steel,,,,9019518.2,6.68,101.78119,72.99299,126214.6507,45,
Colombia,COL,D,X,40403959,47791393,50229000,53175000,54927000,474.66,nationmaster,10.5,12052.91687,13357.14613,,377739622866,4.552500992,"Hydrocarbons, (Öl, Gas)","hydrocarbons (oil, gas)",,,,72423.3,1.54,5.35248,4.04401,7436.19243,,
Comoros,COM,D,X,547696,769991,883000,1081000,1502000,#N/A,,6.5,1428.436798,1494.093801,,647720102.5,3.003660309,"Fisch, Vanille","fish, vanille",,,,157.7,0.21,0.00003,0.00005,NA,,
Congo,COG,D,X,3109269,4504962,5263000,6790000,10732000,#N/A,,6.5,5800.420562,6263.00917,,14135462556,6.546200012,Öl,oil,,,,2247.9,0.52,0.66096,0.52161,NA,,
Costa Rica,CRI,D,X,3925450,4757606,5044000,5413000,5759000,779.04,nationmaster,7.599999905,13833.10559,14918.0733,,49552580683,3.502352231,"Bauxit, Aluminium","bauxite, aluminium",,,,7843.7,1.69,0.08824,0.08594,NA,,
Côte d'Ivoire,CIV,D,X,16517948,22157107,25566000,32143000,48797000,#N/A,,4,2802.412017,3271.710462,,34253611098,8.995497386,"Gold, Kakao","gold, cacao",,,,6446.6,0.31,0.15657,0.20399,NA,,
Croatia,HRV,A,X,4426000,4236400,4158000,4006000,3591000,869.71,nationmaster,17.70000076,21113.61755,21252.29998,,57222574023,-0.399950151,"Kohlenwasserstoffe (Erdölraffinerien), Eisen, Stahl","hydrocarbons (oil refinery), iron, steel",,,,20553.5,4.82,0.14791,0.16152,4.40925,34,
Cuba,CUB,D,X,11116787,11379111,11366000,11237000,10339000,25.05,nationmaster,3.200000048,19811.86337,,,,,Zucker,sugar,,,,35921.9,3.17,0.16522,0.17215,NA,,
Curacao,CUW,D,,133860,155872,165000,173000,173000,1101.83,nationmaster,,,,,,,,,,,,#N/A,#N/A,#N/A,#N/A,#N/A,,
Cyprus,CYP,A,X,943287,1153658,1218000,1300000,1402000,1618.85,nationmaster,15.80000019,32553.54373,30873.18428,,23226158986,-2.255259091,"Textil, Pharmazie","textile, pharmacie",,,,7521,6.66,0.00245,0.00014,NA,8,
Czech Republic,CZE,A,X,10255063,10510566,10687000,10762000,10885000,1020.48,nationmaster,6.900000095,28674.48971,30444.94981,,205522871251,1.991617327,Autoindustrie,automobile,,,,109485.6,10.42,1.06354,1.04893,1159.63155,26,
Democratic People's Republic of Korea,PRK,D,X,22840218,25026772,25763000,26701000,26907000,#N/A,,4.599999905,,,,,,,,,,,73578.4,2.97,1.07574,0.90694,661.38682,,
Democratic Republic of the Congo,COD,D,X,48048664,74877030,90169000,120304000,195277000,351.83,nationmaster,8,652.0886216,745.8107511,,32962261156,9.046596161,"Diamanten, Gold, Kupfer","diamonds, copper, gold",,,,3425,0.05,0.12139,0.11955,97.0034,,
Denmark,DNK,A,X,5339616,5639565,5769000,5976000,6274000,3269.62,OECD,7,43560.06035,44862.50398,,341951607730,1.13429152,"Pharmazie, Schiffsbau","marine, pharmaceutics",,,,40377.3,7.22,0.78878,1.1007,NA,4,
Djibouti,DJI,D,X,722562,876174,947000,1054000,1186000,#N/A,,,2879.478847,3197.867819,,1581519706,5.499368447,Viehzuchtprodukte,stockfarming,,,,473,0.55,0,0,NA,,
Dominica,DMA,D,X,69679,72341,74000,76000,74000,513.89,nationmaster,,10330.60467,10698.5021,,537777777.8,2.42881072,Bananen,bananas,,,,124.7,1.74,0.00025,0.0002,NA,,
Dominican Republic,DOM,D,X,8562623,10405943,11107000,12087000,13238000,491.37,nationmaster,14.89999962,11734.6556,13262.29226,,63968961563,7.340878365,"Kaffee, Tabak","coffee, tobacco",,,,21888.3,2.16,0.01822,0.01392,NA,,
Ecuador,ECU,D,X,12628596,15902916,17338000,19563000,23013000,359.29,nationmaster,4.199999809,10465.66735,11349.70597,,100543173000,3.802080137,Kohlenwasserstoffe (Erdöl),hydrocarbons (petroleum),,,,35727.6,2.32,1.24672,1.23549,26.45547,,
Egypt,EGY,B,X,68334905,89579670,100518000,117102000,151111000,264.33,nationmaster,12.69999981,10247.6052,10529.9209,,286538047766,2.200000008,Kohlenwasserstoffe (Erdöl),hydrocarbons (petroleum),,,,220790.1,2.58,3.80967,3.76189,17.63698,24,
El Salvador,SLV,D,X,5811836,6107706,6231000,6408000,6390000,365,nationmaster,6.300000191,7856.246796,8340.99026,,25220000000,2,"Kaffee, Zucker","coffee, sugar",,,,6684.9,1.1,0.0357,0.03672,NA,,
Equatorial Guinea,GNQ,D,X,530896,820885,971000,1238000,1816000,1087.5,nationmaster,8,34177.64071,30583.38522,,14308094225,-3.107357222,"Kohlenwasserstoffe, (Öl)",hydrocarbons (oil),,,,6688.6,8.64,0.86433,0.92684,NA,,
Eritrea,ERI,D,X,3535156,5110444,5892000,7311000,10421000,#N/A,,7.199999809,1505.03071,1528.942826,,3857821138,1.70344118,"Kupfer, Gold","copper, gold",,,,520.7,0.11,0.00002,0.00002,NA,,
Estonia,EST,A,X,1396985,1313645,1290000,1240000,1148000,914.97,nationmaster,8.800000191,24735.51666,26355.36809,,25904874312,2.08261591,Telekommunikation,telecommunication,,,,18650.4,14.1,0.01406,0.00194,NA,46,
Ethiopia,ETH,D,X,66443603,96958732,111971000,138297000,188455000,249,nationmaster,5.699999809,1256.104384,1493.850787,,54797679658,9.936059663,Kaffee,coffee,,,,7543,0.08,0.06275,0.03229,NA,,
European Union,EUU,A,X,487977133,508314883,512221000,513803000,502910000,#N/A,,10.93021667,34935.34052,36244.03517,,18460645625272,1.294460806,"Automobil, Maschinenbau","automobile, machinecosntruction",,,,#N/A,#N/A,#N/A,#N/A,#N/A,,
Faeroe Islands,FRO,D,,46491,48221,49000,50000,52000,#N/A,,,,,,,,Fisch,fish,,,,568.4,11.75,#N/A,#N/A,#N/A,,
Fiji,FJI,D,X,811223,886450,915000,940000,924000,710.22,nationmaster,8.100000381,7438.667412,8112.557528,,4029989729,3.799808139,Zucker,sugar,,,,1235.8,1.41,0.00538,0.00527,NA,,
Finland,FIN,A,X,5176209,5463596,5569000,5669000,5710000,2924.1,OECD,8.199999809,40209.31735,39754.48524,,270673584162,-0.114098647,"Telekommunikation, Elektrotechnik","telecommunication, electronic industries. wood",,,,54766.6,10.12,0.49389,0.49868,NA,32,
France,FRA,A,X,60912498,66206930,67940000,70454000,73730000,2399.91,OECD,10.39999962,37255.70065,38847.45086,,2829192039172,0.1795630415,"Luftfahrt, Automobil","automobile, aviation",,,,338805.1,5.16,5.07565,5.15679,NA,12,
French Polynesia,PYF,D,,237267,279781,296000,313000,330000,1502.12,nationmaster,,,,,,,Perlenzucht,pearlfarming,,,,858.1,3.13,0.00164,0.00206,NA,,
Gabon,GAB,D,X,1231548,1687673,1917000,2321000,3164000,1704.12,nationmaster,19.60000038,17769.42557,19038.14575,,17228443336,4.300001939,Kohlenwasserstoffe (Öl),hydrocarbons (oil),,,,2236.9,1.39,0.53408,0.54639,NA,,
Gambia,GMB,D,X,1228863,1928201,2326000,3105000,4981000,39.37,nationmaster,7,1598.444287,1613.391649,,807069488.2,-0.200997693,Landwirtschaft,agriculture,,,,421.7,0.23,0,0,NA,,TRUE
Georgia,GEO,D,X,4418300,4504100,4378000,4129000,3730000,299.37,nationmaster,14.30000019,6822.698472,7581.978395,,16529963187,4.766442435,"Mangan, Kupfer","mangan, copper",,,,7931.7,1.77,0.07511,0.07259,221.56458,,
Germany,DEU,A,X,82211508,80889505,79798000,77174000,69448000,2604.33,nationmaster,5.300000191,43522.44436,45615.81119,,3852556169656,1.604381006,Automobil,automobile,,,,729458,9.07,4.80432,5.0783,44696.52101,22,TRUE
Ghana,GHA,D,X,18824994,26786598,30530000,36865000,50071000,351.22,nationmaster,4.599999905,3724.930442,4089.843226,,38648154100,4.178309265,"Kakao, Gold","cacao, gold",,,,10080.6,0.39,0.24627,0.07347,NA,,
Greece,GRC,A,X,10917482,10957740,10868000,10756000,10333000,1547.91,OECD,27.29999924,25462.35907,26098.81133,,237592274371,0.7742096092,Bauindustrie,construction trade,,,,84047.6,7.58,0.40822,0.38709,3328.98031,35,
Greenland,GRL,A,,56200,56295,..,..,..,2744.84,nationmaster,,,,,,,Fisch,fish,,,,707.7,12.46,0,0,201.72298,,
Grenada,GRD,D,X,101620,106349,109000,112000,110000,1250,nationmaster,,11244.65022,11944.23206,,882222222.2,1.513569937,Landwirtschaft,agriculture,,,,253,2.4,0,0,NA,,
Guam,GUM,D,,155328,167543,180000,200000,228000,2750,nationmaster,,,,,,,,,,,,#N/A,#N/A,0,0,NA,,
Guatemala,GTM,D,X,11688660,16015494,18015000,21424000,27754000,570.79,nationmaster,2.799999952,6978.304576,7453.702783,,58728232327,4.241584033,"Kaffee, Bananen","coffee, bananas",,,,11257.7,0.73,0.08247,0.08469,NA,,
Guinea,GIN,D,X,8799165,12275527,14355000,18276000,27486000,#N/A,,1.799999952,1218.986409,1212.766446,,6624068016,-0.3000102324,Bauxit,bauxite,,,,2596.2,0.22,0.00523,0.00516,NA,,
Guinea Bissau,GNB,D,X,1315455,1800513,2068000,2541000,3564000,#N/A,,7.099999905,1373.445927,1385.533085,,1022371992,2.540286296,Landwirtschaft,agriculture,,,,245.7,0.14,0,0,NA,,
Guyana,GUY,D,X,742218,763893,787000,821000,806000,209.33,nationmaster,11.10000038,6462.639764,7217.997204,,3228372888,3.828406874,"Gold, Bauxit","gold, bauxite",,,,1782.2,2.35,0,0,NA,,
Haiti,HTI,D,X,8549202,10572029,11378000,12578000,14189000,712.5,nationmaster,7,1613.34367,1731.797671,,8713031260,2.74985019,Landwirtschaft,agriculture,,,,2211.2,0.21,0.0015,0.00176,NA,,
Honduras,HND,D,X,6243080,7961680,8651000,9737000,11217000,522.86,nationmaster,4.199999809,4313.795801,4582.878062,,19385309986,3.483158037,Bananen,bananas,,,,8412.1,1.09,0.03134,0.02429,NA,,
"Hong Kong SAR, China",HKG,A,,6665000,7241700,7489000,7746000,7611000,#N/A,,3.299999952,51250.4847,55084.24481,,290896409544,2.501239094,Hightech,Hightech,,,,#N/A,#N/A,0.00076,0.00001,#N/A,,
Hungary,HUN,A,X,10210971,9861673,9730000,9460000,8889000,1286,OECD,10.19999981,22493.99771,24498.49428,,137103927313,3.635449748,"Maschinenbau, Fahrzeuge","engineering, automobile",,,,48492.4,4.89,0.37026,0.38636,1829.83686,14,
Iceland,ISL,A,X,281205,327589,348000,376000,403000,2176.15,OECD,5.599999905,40606.5184,43392.5496,,17071004499,1.871435484,Computersoftware,software,,,,1881.2,5.87,0.1658,0.16103,NA,13,
India,IND,C,X,1053481072,1295291543,1388859000,1527658000,1705333000,452.11,nationmaster,3.599999905,4948.330378,5707.653864,,2066902397333,7.416710026," Landwirtschaft, IT","agriculture, IT",,,,2074344.9,1.64,15.87429,13.65604,66800.06839,31,TRUE
Indonesia,IDN,C,X,211540428,254454778,271857000,295482000,322237000,304.25,nationmaster,6.300000191,9449.351454,10517.03006,,888538201025,5.024664957,"Gold, Kupfer","gold, copper",,,,563984.6,2.27,16.28221,11.43057,30883.45736,23,
Iran,IRN,B,X,65850062,78143644,83403000,88529000,92219000,447.61,nationmaster,13.19999981,16413.53481,16391.56247,,415338504536,1.458699313,"Kohlenwasserstoffe (Öl, Gas)","Hydrocarbons (oil, gas)",,,,586599,7.7,13.64393,13.35729,1236.79335,57,
Iraq,IRQ,B,X,23574751,34812326,40564000,50520000,70150000,572.85,nationmaster,16,14714.07455,14468.6497,,220505682865,-6.429101906,"Kohlenwasserstoffe (Öl, Gas)","Hydrocarbons (oil, gas)",,,,133654.8,4.08,6.44833,5.18267,NA,,
Ireland,IRL,A,X,3805174,4612719,4878000,5228000,5814000,1993.08,nationmaster,13.10000038,45241.99739,47803.9647,,245920712756,4.792533518,"Luftfahrt, Bleiwerke","aviation, lead",,,,36068.6,7.86,0.0595,0.05253,15.43236,10,
Isle of Man,IMN,D,,76806,87127,91000,96000,104000,831.39,nationmaster,,,,,,,Landwirtschaft,agriculture,,,,#N/A,#N/A,#N/A,#N/A,#N/A,,
Israel,ISR,A,X,6289000,8215300,8955000,10119000,12370000,1842,OECD,6.300000191,31628.49584,33072.39899,,304226336270,2.766731966,"Chemie, Pharmazie","chemicals, pharmaceuticals",,,,69522.7,8.79,0.09497,0.05228,NA,,
Italy,ITA,A,X,56942108,61336387,61473000,61139000,59076000,2097.16,OECD,12.19999981,35524.89851,34757.84066,,2144338185065,-0.4260967666,"Maschinenbau, Fahrzeuge","machine construction, automobile",,,,397994.2,6.68,1.41416,1.14737,55.11557,17,
Jamaica,JAM,D,X,2589389,2721252,2812000,2913000,2843000,1080.44,nationmaster,15,8673.864199,,,,,Bauxit,bauxite,,,,7755.7,2.86,0.00356,0.0023,NA,,
Japan,JPN,A,X,126843000,127131800,125352000,120156000,108383000,2175.91,OECD,4,35598.08561,36426.30221,,4601461206885,-0.1044788898,"Maschinenbau, Fahrzeuge","machine construction, automobile",,,,1187657,9.31,1.56842,3.74981,382.50204,53,
Jordan,JOR,B,X,4797000,6607000,6987000,8027000,9780000,636.99,nationmaster,12.60000038,11543.80935,12050.30978,,35826925775,3.096330275,Phosphatabbau,phosphate,,,,22258.7,3.52,0.00881,0.00832,NA,,
Kazakhstan,KAZ,B,X,14883626,17289111,18294000,19421000,21104000,614.24,nationmaster,5.199999809,21891.72602,24204.66696,,212247913268,4.3,"Kohlenwasserstoffe (Öl, Gas)","hydrocarbons (oil, gas)",,,,261761.5,15.59,6.22146,5.55322,37037.66168,59,
Kenya,KEN,D,X,31065820,44863583,52187000,65412000,95505000,481.21,nationmaster,9.199999809,2717.735491,2954.076628,,60936509778,5.328057786,"Landwirtschaft, Blumen","agriculture, flowers",,,,13567.9,0.32,0.05888,0.04254,NA,,
Kiribati,KIR,D,X,84406,110470,122000,142000,178000,#N/A,,,1704.65503,1797.348699,,166762323.6,3.03030303,Fisch,fish,,,,62.3,0.58,0,0,NA,,
Kosovo,KSV,A,,1700000,1823149,1919000,2083000,2299000,#N/A,,,8537.350385,9228.292638,,7273849012,2.500543596,"Metalle, Mineralien","minerals, metals",,,,#N/A,#N/A,0.07775,0.06904,NA,,
Kuwait,KWT,B,X,1929470,3753121,4317000,4987000,5924000,2236.71,nationmaster,3.099999905,78454.09171,,,,,Kohlenwasserstoffe (Öl),hydrocarbons (oil),,,,91029.6,26.62,6.50212,6.28005,NA,,
Kyrgyzstan,KGZ,D,X,4898400,5834200,6414000,7149000,8363000,350,nationmaster,8,2921.359026,3322.219431,,7404412710,3.603036144,Gold,gold,,,,6615.3,1.18,0.15371,0.10928,895.07682,,
Lao People's Democratic Republic ,LAO,D,X,5342879,6689300,7398000,8489000,10172000,#N/A,,1.399999976,4578.841095,5320.350075,,11771725798,7.458020211,Reis,rice,,,,1202.8,0.19,0.12213,0.0491,554.46261,,
Latvia,LVA,D,X,2367550,1990351,1923000,1811000,1644000,713.11,nationmaster,11.10000038,21176.33829,23337.37696,,31920815648,2.361633257,"Maschinenbau, Fahrzeuge","machine construction, automobile",,,,7799.7,3.83,0.03876,0.03135,NA,33,
Lebanon,LBN,D,X,3235380,4546774,4398000,4646000,4721000,937.16,nationmaster,6.5,16871.07442,17462.19872,,45730945274,2,Schmuck,jewelerry,,,,20487.5,4.61,0.00949,0.00364,NA,,
Lesotho,LSO,D,X,1856225,2109197,2258000,2486000,2987000,1017.82,nationmaster,24.70000076,2426.390626,2599.796048,,2088021624,1.983419325,Bekleidung,garment,,,,2200.2,1.07,0.00462,0.00575,NA,,
Liberia,LBR,D,X,2891968,4396554,5091000,6414000,9436000,#N/A,,3.700000048,784.1516462,840.7034803,,2027000000,0.5,"Eisenerz, Kautschuk","ore, caotchouc",,,,891.1,0.21,0,0,NA,,
Libya,LBY,B,X,5337264,6258984,6700000,7418000,8375000,644.09,nationmaster,19.60000038,22965.3114,15590.75305,,41119144923,-24.03095917,Kohlenwasserstoffe (Öl),Hydrocarbons (oil),,,,39020.5,6.21,3.5144,4.46458,NA,,
Liechtenstein,LIE,A,X,33282,37286,39000,41000,43000,#N/A,,,,,,,,Finanzindustrie,Financial industry,,,,51.3,1.39,#N/A,#N/A,#N/A,,
Lithuania,LTU,A,X,3499536,2929323,2868000,2756000,2514000,701.28,nationmaster,11.80000019,24083.78146,26642.7612,,48172242517,2.949872877,"Telekommunikation, Maschinen","telecommunication, machines",,,,13740.2,4.6,0.01552,0.10982,NA,21,
Luxembourg,LUX,A,X,436300,556074,592000,646000,692000,3245.91,OECD,5.900000095,91849.92021,,,,,"Stahl, Chemie","steel, chemicals",,,,10832.3,20.4,0.00311,0.00317,NA,29,
"Macao SAR, China",MAC,C,,431907,577914,634000,720000,838000,#N/A,,1.799999952,127543.9762,139767.2301,,55501532528,-0.3529526902,"Glücksspiel, Feuerwerkskörper","pyrotechnic, gaming industries",,,,#N/A,#N/A,0,0,#N/A,,
Madagascar,MDG,D,X,15744811,23571713,27799000,35960000,55294000,533.33,nationmaster,3.599999905,1398.870833,1436.705626,,10593147527,2.973185114,"Kaffee, Vanille","coffee, vanille",,,,2449.6,0.11,0.0127,0.00682,NA,,
Malawi,MWI,D,X,11193230,16695253,20022000,26584000,43155000,1098.99,nationmaster,7.599999905,763.0283414,821.6070302,,4258033615,5.700000002,"Landwirtschaft, Tabak","agriculture, tobacco",,,,1206.4,0.08,0.01946,0.01633,2.20462,,
Malaysia,MYS,C,X,23420751,29901997,32374000,36107000,40725000,979.6,nationmaster,3.200000048,22481.34073,24951.14705,,326933043801,6.032905371,"Palmöl, Zinn","palm oil, tin",,,,225692.8,7.78,3.81508,3.9061,4.40925,52,
Maldives,MDV,D,X,280384,357415,393000,437000,494000,627.3,nationmaster,11.60000038,12625.72568,14532.63433,,3032239478,7.562028056,Fisch,fish,,,,1103.8,3.2,0,0,NA,,
Mali,MLI,D,X,11046926,17086022,20457000,27370000,45404000,400,nationmaster,8.199999809,1503.9777,1599.342461,,12074473002,7.222129273,Gold,gold,,,,1250.4,0.08,0.00689,0.00274,NA,,
Malta,MLT,A,X,381363,427404,433000,433000,412000,1946.94,national statistics office Malta,6.5,28276.19825,,,,,"Bekleidung, Landwirtschaft","garment, agriculture",,,,2511.9,5.99,0.00015,0,NA,20,
Marshall Islands,MHL,A,X,52161,52898,53000,56000,67000,#N/A,,,3730.053326,,,,,"Kokosnuss, Landwirtschaft","coconut, agriculture",,,,102.7,1.95,#N/A,#N/A,#N/A,,
Mauritania,MRT,D,X,2711421,3969625,4573000,5666000,8049000,#N/A,,31,3550.252118,3911.755848,,5061180371,6.418888813,Eisenerz ,iron ore,,,,2310.2,0.61,0.01538,0.02809,NA,,
Mauritius,MUS,D,X,1186873,1260934,1285000,1305000,1247000,1337.74,nationmaster,8.300000191,16949.70774,18585.41186,,12616421088,3.600000021,"Landwirtschaft, Textil","agriculture, garment",,,,3916.4,3.12,0.0055,0.00559,NA,,
Mexico,MEX,C,X,102808590,125385833,134837000,148133000,163754000,1090.41,OECD,4.900000095,16145.96709,16949.73849,,1282719954862,2.12475861,"Maschinen, Autozubehör","machines, automobile",,,,466548.7,3.82,8.71311,9.17071,1334.89906,18,
Micronesia,FSM,D,X,107430,104044,108000,118000,129000,#N/A,,,3485.214449,,,,,,,,,,#N/A,#N/A,#N/A,#N/A,#N/A,,
Monaco,MCO,A,X,32081,37623,38000,40000,44000,4142.78,nationmaster,,,,,,,Finanzindustrie,financial services,,,,#N/A,#N/A,#N/A,#N/A,#N/A,,
Mongolia,MNG,D,X,2397438,2909871,3179000,3519000,4028000,464.89,nationmaster,4.900000095,9985.444668,11945.65382,,12015944337,7.823899144,"Kupfer, Kaschmir","copper, cashmere",,,,19079.4,6.79,0.71047,0.16676,2777.82463,,
Montenegro,MNE,D,X,604950,621800,622000,614000,568000,589.82,nationmaster,19.79999924,13588.89001,14323.256,,4583198885,1.525195607,Bauxit,bauxite,,,,2570.6,4.14,0.03161,0.03042,156.52821,,
Morocco,MAR,D,X,28950553,33921203,36444000,39787000,43696000,415.59,nationmaster,9.199999809,6805.476427,7292.678941,,107004984357,2.555054982,Chemieindustrie (Phosphate),"chemical industry, phosphate",,,,56537.8,1.71,0.02565,0.01528,134.48199,9,
Mozambique,MOZ,D,X,18264536,27216276,31993000,41437000,65544000,757.22,nationmaster,8.300000191,1013.653714,1137.119394,,16385584919,7.372599667,Landwirtschaft,agriculture,,,,3282,0.13,0.39328,0.25429,233.69001,,
Myanmar,MMR,D,X,47669791,53437159,56242000,60242000,63575000,#N/A,,3.400000095,,,,64330038665,8.499663602,Landwirtschaft,agriculture,,,,10439.9,0.2,#N/A,#N/A,#N/A,,
Namibia,NAM,D,X,1897953,2402858,2731000,3272000,4322000,633.02,nationmaster,16.89999962,9028.017001,9736.139583,,13429503285,4.475961994,"Diamanten, Uranium","diamonds, uranium",,,,2775.9,1.21,0.01514,0.01454,NA,,
Nepal,NPL,D,X,23740145,28174724,30184000,33104000,36159000,166.49,nationmaster,2.700000048,2154.210756,2370.052893,,19636186469,5.475929499,Landwirtschaft,agriculture,,,,4334.4,0.16,0.03369,0.02772,1.10231,,
Netherlands,NLD,A,X,15925513,16854183,17065000,17240000,16738000,2324,OECD,6.699999809,46053.85623,47130.7122,,869508125480,0.873913345,"Chemie, ELektroindustrie","chemical industry, electronic industry",,,,168007.3,10.03,2.75484,2.88479,NA,42,
New Caledonia,NCL,D,,213230,266000,285000,315000,364000,2425.32,nationmaster,,,,,,,Nickel,nickel,,,,3854,14.94,0.00409,0.00476,2.20462,,
New Zealand,NZL,A,X,3857700,4509700,4761000,5123000,5630000,1984.588,OECD,6.199999809,32989.63243,,,,,Landwirtschaft,agriculture,,,,31231.8,7.09,0.68903,0.68881,629.41979,43,
Nicaragua,NIC,D,X,5026792,6013913,6418000,7033000,7863000,592.5,nationmaster,7.199999809,4466.619776,4918.269973,,11805641287,4.702775972,Landwirtschaft,agriculture,,,,4899.1,0.83,0.01637,0.01036,NA,,
Niger,NER,D,X,11224523,19113728,24315000,35966000,72238000,#N/A,,5.099999905,882.8452616,937.7502999,,8168695870,6.900771748,"Landwirtschaft, Uran","agriculture, uranium",,,,1422.8,0.08,0.04951,0.00469,77.1618,,
Nigeria,NGA,D,X,122876723,177475986,206831000,262599000,398508000,731.68,nationmaster,7.5,5404.837689,5911.231542,,568508262378,6.309718253,Kohlenwasserstoffe (Öl),hydrocarbons (oil),,,,88026.3,0.52,6.69167,5.89924,209.43916,,
Northern Mariana Islands,MNP,C,,68434,54541,56000,56000,51000,#N/A,,,,,,,,Tourismus,tourism,,,,#N/A,#N/A,#N/A,#N/A,#N/A,,
Norway,NOR,A,X,4490967,5136475,5442000,5840000,6474000,2791,OECD,3.5,66363.37225,64893.05564,,500103094419,2.23473697,"Kohlenwasserstoffe (Öl, Gas)","hydrocarbons (oil, gas)",,,,45533.1,9.07,9.56817,10.12592,5.51156,27,
Oman,OMN,B,X,2239403,4236057,4816000,5238000,5844000,2087.14,nationmaster,7.900000095,41925.71302,,,81796618986,,"Kohlenwasserstoffe (Öl, Gas)","hydrocarbons (oil, gas)",,,,64854.6,18.29,3.0365,2.50239,NA,,
Pakistan,PAK,C,X,138250487,185044286,208437000,244916000,309640000,239.31,nationmaster,5.099999905,4458.872415,4844.222385,,246876324189,5.411811496,Textilwirtschaft,textile industry,,,,163452.9,0.92,1.80932,1.64432,2281.78451,,
Palau,PLW,D,X,19174,21097,22000,25000,28000,#N/A,,,13773.54312,14756.6672,,250625562.8,7.951975484,Fisch,fish,,,,223.7,10.78,#N/A,#N/A,#N/A,,
Panama,PAN,D,X,3028751,3867535,4231000,4781000,5599000,770.21,nationmaster,4.099999905,18223.95391,20894.7177,,46212600000,6.161704916,Schifffahrt,shipping-industrie,,,,9666.2,2.58,0.05103,0.03955,NA,,
Papua New Guinea,PNG,D,X,5374051,7463577,8413000,10057000,13240000,274.1,nationmaster,2.099999905,2524.800682,,,,,Kohlenwasserstoffe ,hydrocarbons,,,,5229.1,0.73,0.07025,0.09524,NA,,
Paraguay,PRY,D,X,5302703,6552518,7067000,7845000,8895000,425.61,nationmaster,5.199999809,7443.750544,8894.343714,,30984747863,4.350129148,"Holz, Fleisch","wood, meat",,,,5298.8,0.83,0.56744,0.54107,NA,,
Peru,PER,D,X,25914875,30973148,33317000,36855000,41899000,492.13,nationmaster,3.900000095,11045.49348,11989.32811,,202902760293,2.350705442,"Mineral, Metall","minerals, metalls",,,,53068.8,1.76,1.01142,0.5879,48.5017,,
Philippines,PHL,D,X,77932247,99138690,108436000,123575000,148260000,330.73,nationmaster,7.099999905,6157.016253,6982.445258,,284582023121,6.095871823,"Textilwirtschaft, Reis","textile, rice",,,,82012.5,0.85,0.50155,0.43434,348.33039,,
Poland,POL,A,X,38258629,37995529,37979000,37267000,33927000,1673.83,OECD,10.39999962,23151.94665,24882.34349,,548003360279,3.36996337,"Automobil, Maschinen","automobile, electronics",,,,317287.2,8.34,2.69425,2.65802,6024.13158,40,
Portugal,PRT,A,X,10289898,10397393,10339000,10203000,9559000,1673.83,OECD,16.5,27000.40589,28326.80659,,229583711490,0.8911297183,"Bekleidung, Schuhe","garment, shoes",,,,49724.5,4.73,0.18379,0.14643,39.68321,7,
Puerto Rico,PRI,D,,3810605,3548397,3559000,3611000,3556000,1703.52,nationmaster,14.19999981,34183.14192,,,,,Landwirtschaft,agriculture,,,,#N/A,#N/A,0.00141,0.00154,NA,,
Qatar,QAT,B,X,593453,2172065,2452000,2781000,3205000,4038.08,nationmaster,0.5,135649.4975,146177.6896,,211816758242,6.153,"Kohlenwasserstoffe (Öl, Gas)","hydrocarbons (oil, gas)",,,,83875.3,41.61,9.88308,5.9071,NA,,
Republic of Korea,KOR,C,X,47008111,50423955,51652000,52978000,50903000,1625.833,nationmaster,3.099999905,32021.74059,34355.72984,,1410382943973,3.310147565,"Schiffe, elektronische Produkte","shipping, electronic industrie",,,,589426.2,11.79,1.55806,1.54402,138.89123,,
Republic of Moldova,MDA,D,X,3639592,3556400,3443000,3216000,2690000,#N/A,,5.099999905,4225.01565,4982.638809,,7944184930,4.6,Landwirtschaft,agriculture,,,,4979.8,1.4,0.00253,0.00379,NA,,
Romania,ROU,A,X,22442971,19910995,19496000,18603000,16418000,487.08,nationmaster,7.300000191,18136.69973,19401.34962,,199043652215,1.756560487,Fahrzeugbau,"automobile, electronics",,,,84832.4,4.23,1.09215,1.18777,320.77261,25,
Russia,RUS,B,X,146596557,143819569,140849000,133990000,120357000,1607.66,OECD,5.599999905,24063.42668,25635.85116,,1860597922763,0.6404857642,"Kohlenwasserstoffe (Öl, Gas, Kohle), Schwerindustrie ","heavy industry, hydrocarbons (oil, gas)",,,,1808073,12.63,55.29574,52.52268,173073.9066,56,TRUE
Rwanda,RWA,D,X,8021875,11341544,12997000,15785000,21187000,460,nationmaster,0.6000000238,1509.983505,1660.55347,,7890190337,6.96347032,Landwirtschaft,agriculture,,,,663.7,0.06,0.00129,0.00067,NA,,
Samoa,WSM,D,X,174614,191845,199000,210000,241000,63.82,nationmaster,,5754.961306,5790.818724,,800586671.2,1.194073613,Kokosnuss,coconut,,,,234.7,1.24,0.00035,0.00052,NA,,
San Marino,SMR,D,X,27420,31595,32000,33000,33000,#N/A,,,,,,,,,,,,,#N/A,#N/A,#N/A,#N/A,#N/A,,
Sao Tome and Principe,STP,D,X,137164,186342,211000,256000,353000,#N/A,,,3043.610273,3253.870009,,334902362.1,4.225800281,Kakao,cacao,,,,102.7,0.58,0.0001,0.00008,NA,,
Saudi Arabia,SAU,B,X,21392273,30886545,34366000,39132000,46059000,1786.07,nationmaster,5.699999809,49706.65205,51924.34704,,746248533333,3.467704913,Kohlenwasserstoffe (Öl),hydrocarbons (oil),,,,520277.6,17.64,27.66349,25.16818,NA,61,
Senegal,SEN,D,X,9860578,14672557,17487000,22802000,36223000,200,nationmaster,10.30000019,2203.858642,2292.307525,,15578916865,3.917319843,Phospat,phosphate,,,,7858.4,0.57,0.00385,0.00414,NA,,
Serbia,SRB,A,X,7516346,7129428,6873000,6386000,5138000,507.08,nationmaster,22.20000076,12805.7272,12659.66989,,43866423167,-1.812781844,"Eisen, Stahl, Textil","iron, steel, textile",,,,49185.5,6.83,0.47889,0.47194,14783.09764,,
Seychelles,SYC,D,X,81131,91526,94000,96000,97000,267.21,nationmaster,,24110.49203,26244.52692,,1405764158,2.763439793,"Thunfisch, Tourismus","tuna, tourism",,,,597.7,6.77,0,0,NA,,
Sierra Leone,SLE,D,X,4060709,6315627,7160000,8598000,11392000,#N/A,,3.200000048,1593.399311,2017.551164,,4892363979,6.981865773,Diamanten,diamonds,,,,898.4,0.15,0.00095,0.00094,NA,,
Singapore,SGP,A,X,4027900,5469700,5946000,6389000,6661000,2759.38,nationmaster,2.799999952,76988.09799,82763.35765,,307871907186,2.918389477,IT-Technologie,consumer electronics,,,,22394.4,4.22,0.00607,0.01033,NA,50,
Sint Maarten (Dutch part),SXM,A,,30519,37664,..,..,..,#N/A,,,,,,,,,,,,,#N/A,#N/A,#N/A,#N/A,#N/A,,
Slovakia,SVK,A,X,5388720,5418506,5436000,5353000,4943000,947.95,nationmaster,14.19999981,25718.45064,27584.74792,,99790145653,2.409658361,Fahrzeugbau,automobile,,,,34374.5,6.36,0.25524,0.26107,288.80558,15,
Slovenia,SVN,A,X,1988925,2062218,2074000,2057000,1969000,1275.66,nationmaster,10.19999981,28449.99662,29917.03039,,49416055609,2.636709894,Fahrzeugbau,automobile,,,,15405.1,7.49,0.14128,0.15479,245.81543,19,
Solomon Islands,SLB,D,X,412336,572171,640000,757000,992000,#N/A,,3.799999952,2061.505954,2130.438343,,1158183054,1.507426291,"Landwirtschaft, Fischindustrie","agriculture, fishing",,,,198,0.36,0,0,NA,,
Somalia,SOM,D,X,7385416,10517569,12423000,16493000,27030000,350,nationmaster,6.900000095,,,,,,,,,,,575.7,0.06,0,0,NA,,
South Africa,ZAF,C,X,44000000,54001953,58147000,64508000,73634000,1400.01,nationmaster,24.89999962,12596.68348,13046.20783,,349817096206,1.524842816,"Bergbau (Chrom, Platin)","mining, chrome, platine",,,,477241.7,9.12,6.29566,6.15314,33241.30136,37,
South Sudan,SSD,D,X,6692999,11911184,14122000,17810000,25855000,#N/A,,,1818.573229,2659.275398,,13069991258,36.16522544,Kohlenwasserstoffe (Öl),hydrocarbons (oil),,,,16578.5,1.51,0.27645,0.90836,#N/A,,
Spain,ESP,A,X,40263216,46404602,46947000,47246000,46442000,1873.08,OECD,26.60000038,32769.7174,33763.39366,,1404306536058,1.389371939,"Bauindustrie, Landwirtschaft","construction industry, agriculture",,,,270675.9,5.79,1.54672,1.3939,584.22502,28,
Sri Lanka,LKA,D,X,19102000,20639000,21430000,22237000,22584000,352.62,nationmaster,4.199999809,9014.480031,10527.53049,,74941183242,7.367421291,Textil-Bekleidung,"textile, garment",,,,15232.7,0.75,0.03277,0.04049,NA,,
St. Kitts and Nevis,KNA,D,X,45544,54944,58000,63000,68000,#N/A,,,20433.2296,22669.01488,,833333333.3,6.339234723,Tourismus,tourisme,,,,#N/A,#N/A,#N/A,#N/A,#N/A,,
St. Lucia,LCA,D,X,156949,183645,192000,202000,207000,#N/A,,,10457.95639,10392.78646,,1365426556,-1.595330462,Tourismus,tourisme,,,,#N/A,#N/A,#N/A,#N/A,#N/A,,
St. Martin (French part),MAF,A,,28384,31530,..,..,..,#N/A,,,,,,,,Tourismus,tourisme,,,,#N/A,#N/A,#N/A,#N/A,#N/A,,
St. Vincent and the Grenadines,VCT,D,X,107897,109360,111000,112000,109000,#N/A,,,10180.32686,10620.24664,,728696703.7,-0.4517257926,Landwirtschaft,agriculture,,,,#N/A,#N/A,#N/A,#N/A,#N/A,,
Sudan,SDN,D,X,28079664,39350274,45308000,56443000,80284000,650,nationmaster,15.19999981,3871.816338,4068.859769,,73815376185,3.079559627,"Landwirtschaft, öl","agriculture, oil",,,,#N/A,#N/A,#N/A,#N/A,#N/A,,
Suriname,SUR,D,X,480751,538248,565000,599000,624000,808.02,nationmaster,7.800000191,15704.61159,,,,,,,,,,1910.5,3.61,0.04234,0.04515,13.22774,,
Swaziland,SWZ,D,X,1063715,1269112,1366000,1507000,1792000,786.93,nationmaster,22.5,6012.911116,6342.661567,,3400422936,2.46706977,Zucker,sugar,,,,1048.8,0.85,0.01372,0.01373,158.73284,,
Sweden,SWE,A,X,8872109,9689555,10086000,10664000,11816000,2432.08,OECD,8.100000381,43869.38437,45143.52332,,570591266160,2.278441474,"Fahrzeugbau, Holzindustrie","wood, automobile",,,,52144.7,5.48,1.54277,1.42275,NA,5,
Switzerland,CHE,A,X,7184250,8190229,8655000,9393000,10636000,3931.5,Statistik Schweiz,4.400000095,55915.49985,,,,,"Maschinen, Luxusgüter, Nahrunsgmittel","machine construction, luxury goods, food",,,,36596.7,4.58,0.63325,0.64556,NA,11,
Syrian Arab Republic,SYR,B,X,16354050,22157800,26186000,30324000,36933000,#N/A,,10.80000019,,,,,,Kohlenwasserstoffe (Öl),hydrocarbons (oil),,,,57670.9,2.69,0.6274,1.12626,#N/A,,
Tajikistan,TJK,D,X,6186152,8295840,9419000,11102000,14288000,187.27,nationmaster,10.69999981,2385.230268,2690.752168,,9241627841,6.699250546,Baumwolle,cotton,,,,2783.3,0.35,0.16401,0.16926,413.36676,,
Tanzania,TZA,D,,33991590,51822621,62267000,82927000,137136000,632.67,nationmaster,3.5,2329.517037,2591.152958,,49183884817,6.965132962,Landwirtschaft,agriculture,,,,#N/A,#N/A,0.05183,0.0464,220.46227,,
Thailand,THA,D,X,62693322,67725979,68581000,68250000,62452000,502.78,nationmaster,0.6999999881,13751.94428,14551.66743,,373804134912,0.7108227043,Automobil,automobile,,,,303370.9,4.52,2.62417,2.07455,1365.76377,47,
Republic of Macedonia,MKD,A,X,2012051,2075625,2088000,2078000,1938000,386.85,nationmaster,29,11874.09721,13142.4248,,11323761624,3.767558059,Automobil-Zulieferer,automobile,,,,9336.2,4.51,0.06275,0.06224,365.96737,,
Timor-Leste,TLS,D,X,847185,1212107,1363000,1658000,2237000,#N/A,,4.400000095,2076.352907,2277.566753,,1552000000,6.655710764,"Kohlenwasserstoffe (Öl), Kaffee","hydrocarbons (oil), coffee",,,,183.4,0.16,0.15508,0.19509,NA,,
Togo,TGO,D,X,4874735,7115163,8294000,10489000,15681000,#N/A,,6.900000095,1317.170702,1428.820391,,4518443907,5.708886445,Baumwolle,cotton,,,,2097.5,0.31,0.00088,0.00091,NA,,
Tonga,TON,D,X,97898,105586,111000,121000,140000,#N/A,,,5130.445189,5211.109767,,434386307.7,2.143955465,Landwirtschaft,agriculture,,,,102.7,0.98,0,0,NA,,
Trinidad and Tobago,TTO,D,X,1267980,1354483,1378000,1372000,1291000,719.49,nationmaster,5.800000191,29516.54062,,,,,"Kohlenwasserstoffe (Öl, Gas)","hydrocarbons (oil, gas)",,,,49574.2,36.95,1.72836,1.76304,NA,,
Tunisia,TUN,D,X,9552500,10996600,11617000,12330000,12852000,393.03,nationmaster,13.30000019,10799.50793,,,,,"Textil, Chemie","textile, chemicals",,,,25643.3,2.38,0.21643,0.23453,NA,,
Turkey,TUR,C,X,63240157,75932348,80181000,86457000,93418000,696.61,turkish statistical institute (2011),10,18196.01332,19226.08595,,799534963354,2.86670174,Kleidung,garment,,,,320840.5,4.33,1.38128,1.19349,9592.31345,51,
Turkmenistan,TKM,B,X,4501419,5307188,5685000,6160000,6555000,373.33,nationmaster,10.60000038,12683.71925,15473.57973,,47931929825,10.29998277,"Kohlenwasserstoffe (Öl, Gas)","hydrocarbons (oil, gas)",,,,62218,12.03,3.02841,2.91382,NA,,
Turks and Caicos Islands,TCA,D,,18876,33740,37000,42000,48000,#N/A,,,,,,,,Fisch,fish,,,,190.7,5.88,0,0,NA,,
Tuvalu,TUV,D,X,9419,9893,10000,11000,11000,#N/A,,,3551.292931,,,,,Kokosnuss,coconut,,,,#N/A,#N/A,#N/A,#N/A,#N/A,,
Uganda,UGA,D,X,23757636,37782971,45856000,61929000,101873000,379.79,nationmaster,3.799999952,1695.714383,1765.690807,,26312399301,4.509524514,Kaffee,coffee,,,,3799,0.11,0.02403,0.01686,NA,,
Ukraine,UKR,D,X,49175848,45362900,43553000,40256000,34074000,357.71,nationmaster,7.900000095,8468.305643,8665.483875,,131805126738,-6.800008163,Metallurgie,process metallurgy,,,,286227.7,6.28,3.27089,3.20039,37338.59268,30,
United Arab Emirates,ARE,B,X,3050128,9086139,9822000,10977000,12789000,3081.34,nationmaster,3.799999952,59693.27356,66009.25703,,401646583173,3.605467751,Kohlenwasserstoffe (Öl),hydrocarbons (oil),,,,178483.9,19.94,8.54393,8.12802,NA,,
United Kingdom,GBR,A,X,58892514,64510376,66530000,69337000,73039000,2960.54,OECD,7.5,37385.92347,39136.77424,,2941885537461,2.553033181,"Automobil, Finanzindustrie, Pharmazie","automobile,financial industry, pharmaceutical industry",,,,448235.7,7.04,4.89979,6.93884,251.32699,5,
USA,USA,A,,282162411,318857056,333183000,355823000,389719000,#N/A,,7.400000095,51456.65873,54629.49517,,17419000000000,2.388226907,"Kohlenwasserstoffe (Öl), Automobile, Landwirtschaft","hydrocarbons (oil), automobile, agriculture",,,,#N/A,#N/A,#N/A,#N/A,#N/A,44,TRUE
Uruguay,URY,C,X,3321242,3419516,3495000,3596000,3667000,862.6,nationmaster,6.599999905,18770.15306,20884.25996,,57471277325,3.498414788,"Wolle, Fleisch","wool, meat",,,,7774,2.29,0.06175,0.05219,NA,,
Uzbekistan,UZB,D,X,24650400,30742500,32984000,35764000,38215000,360.72,nationmaster,10.69999981,4788.986318,5575.866707,,62643953022,8.100000002,Kohlenwasserstoffe (Erdgas),hydrocarbons (natural gas),,,,114861.4,3.86,2.61976,2.79091,2094.39158,,
Vanuatu,VUT,D,X,185058,258883,294000,354000,476000,#N/A,,,2951.515159,,,,,Fisch,fish,,,,143,0.58,0,0,NA,,
Venezuela,VEN,B,X,24481477,30693827,33116000,36673000,41562000,564.76,nationmaster,7.5,18019.60097,17558.32054,,509964084931,-3.999244142,Kohlenwasserstoffe (Öl),hydrocarbons (oil),,,,188817.5,6.32,7.25648,7.67106,528.00714,,
Vietnam,VNM,D,X,77630900,90730000,94905000,99323000,100056000,334.6,nationmaster,2,5000.509437,5628.950768,,186204652922,5.983654637,"Textilien, Schuhe","textile, shoes",,,,173210.7,1.95,2.57557,2.10457,165.3467,,
Virgin Islands (U.S.),VIR,A,,108639,104170,104000,102000,103000,#N/A,,,,,,,,Tourismus,tourisme,,,,#N/A,#N/A,0,0,#N/A,,
West Bank and Gaza,PSE,D,,2922153,4294682,4967000,6166000,8501000,#N/A,,23.39999962,4928.734924,4508.987634,,12737613125,-1.499056955,Landwirtschaft,agriculture,,,,#N/A,#N/A,#N/A,#N/A,#N/A,,
Yemen,YEM,B,X,17795219,26183676,30030000,36335000,47170000,229,nationmaster,17.39999962,3673.873363,,,,,Kohlenwasserstoffe (Öl),hydrocarbons (oil),,,,22295.4,0.9,0.64813,0.62513,NA,,
Zambia,ZMB,D,X,10585220,15721343,18882000,25313000,42975000,4330.98,nationmaster,13.30000019,3563.652362,3904.02441,,27066230009,6.000000073,Kupfer,copper,,,,3047.3,0.21,0.1113,0.09432,11.02311,,
Zimbabwe,ZWE,D,X,12499981,15245855,17471000,21353000,29615000,500,,5.400000095,1678.35354,1779.781348,,13663314280,3.168210612,Gold,gold,,,,9860.6,0.68,0.13184,0.12333,553.3603,,
